Rank,City,Population
1,Los Angeles,"3,849,297"
2,San Diego,"1,381,611"
3,San Jose,"983,489"
4,San Francisco,"815,201"
5,Fresno,"544,510"
6,Sacramento,"525,041"
7,Long Beach,"456,062"
8,Oakland,"433,823"
9,Bakersfield,"407,615"
10,Anaheim,"345,940"
11,Stockton,"322,120"
12,Riverside,"317,261"
13,Santa Ana,"309,441"
14,Irvine,"309,031"
15,Chula Vista,"277,220"
16,Fremont,"227,514"
17,Santa Clarita,"224,593"
18,San Bernardino,"222,203"
19,Modesto,"218,771"
20,Moreno Valley,"211,600"
21,Fontana,"210,761"
22,Oxnard,"201,879"
23,Huntington Beach,"196,652"
24,Glendale,"192,366"
25,Elk Grove,"178,997"
26,Ontario,"177,963"
27,Santa Rosa,"176,938"
28,Rancho Cucamonga,"175,142"
29,Oceanside,"172,982"
30,Garden Grove,"170,488"
31,Lancaster,"170,150"
32,Palmdale,"165,761"
33,Salinas,"162,791"
34,Hayward,"159,827"
35,Corona,"159,743"
36,Sunnyvale,"152,258"
37,Roseville,"151,901"
38,Escondido,"150,665"
39,Pomona,"148,338"
40,Torrance,"143,600"
41,Visalia,"142,978"
42,Fullerton,"141,874"
43,Orange,"137,264"
44,Victorville,"135,950"
45,Pasadena,"135,732"
46,Santa Clara,"127,151"
47,Simi Valley,"125,975"
48,Thousand Oaks,"125,754"
49,Vallejo,"124,886"
50,Concord,"124,074"
51,Clovis,"122,989"
52,East Los Angeles,"120,504"
53,Fairfield,"119,705"
54,Berkeley,"117,145"
55,Richmond,"115,639"
56,Carlsbad,"115,302"
57,Antioch,"114,794"
58,Murrieta,"112,991"
59,Downey,"111,645"
60,Temecula,"110,846"
61,Costa Mesa,"110,750"
62,San Buenaventura (Ventura),"109,925"
63,Santa Maria,"109,711"
64,West Covina,"107,017"
65,Jurupa Valley,"106,941"
66,El Monte,"106,907"
67,Menifee,"106,401"
68,El Cajon,"105,432"
69,Burbank city,"105,401"
70,Inglewood,"105,181"
71,Rialto,"104,394"
72,Vacaville,"103,078"
73,Chico,"102,338"
74,San Mateo,"102,200"
75,Daly City,"101,243"
76,Hesperia,"100,971"
77,Norwalk,"100,373"
78,Vista,"98,655"
79,Tracy,"95,387"
80,San Marcos,"94,926"
81,Arden-Arcade,"93,719"
82,Compton,"93,597"
83,Carson,"93,535"
84,Redding,"93,462"
85,Chino,"92,975"
86,Mission Viejo,"92,449"
87,South Gate,"91,154"
88,Santa Monica,"91,105"
89,Hemet,"90,436"
90,Indio,"90,416"
91,Westminster,"90,195"
92,Merced,"89,308"
93,San Leandro,"88,868"
94,Santa Barbara,"88,255"
95,Citrus Heights,"87,402"
96,San Ramon,"86,947"
97,Livermore,"86,803"
98,Hawthorne,"86,091"
99,Manteca,"85,792"
100,Lake Forest,"85,742"
101,Whitr,"85,311"
102,Newport Beach,"84,792"
103,Buena Park,"83,011"
104,Redwood City,"81,643"
105,Mountain View city,"81,516"
106,Folsom,"81,224"
107,Alhambra,"81,211"
108,Lakewood,"80,611"
109,Rancho Cordova,"80,413"
110,Perris,"79,835"
111,Tustin,"79,430"
112,Upland,"79,274"
113,Milpitas,"79,066"
114,Napa,"78,818"
115,Chino Hills,"78,665"
116,Pleasanton,"78,252"
117,Bellflower,"77,408"
118,Pittsburg,"76,544"
119,Alameda,"76,362"
120,Apple Valley,"76,224"
121,Carmichael,"75,642"
122,Redlands,"73,288"
123,Rocklin,"72,975"
124,Turlock,"72,682"
125,Dublin,"71,674"
126,Lake Elsinore,"71,563"
127,Eastvale,"71,375"
128,Camarillo,"70,858"
129,Tulare,"70,733"
130,Baldwin Park,"70,629"
131,Redondo Beach,"69,781"
132,Walnut Creek,"69,695"
133,Yuba City,"69,536"
134,Union City,"68,681"
135,Yorba Linda,"67,989"
136,Madera,"67,944"
137,Lodi,"67,021"
138,Davis,"66,799"
139,Palo Alto,"66,680"
140,Lynwood,"65,505"
141,Brentwood,"64,870"
142,Florence-Graham,"64,787"
143,Castro Valley,"64,392"
144,South San Francisco,"64,251"
145,Laguna Niguel,"64,239"
146,San Clemente,"63,896"
147,Porterville,"62,742"
148,La Habra,"62,609"
149,Santa Cruz,"61,950"
150,Encinitas,"61,762"
151,Woodland,"61,398"
152,Montebello,"61,204"
153,San Rafael,"60,769"
154,Pico Rivera,"60,764"
155,La Mesa,"60,721"
156,Santee,"59,703"
157,Gardena,"59,702"
158,Monterey Park,"59,667"
159,Petaluma,"59,403"
160,Cupertino,"58,622"
161,South Whitr,"58,616"
162,Hanford,"58,496"
163,Gilroy,"58,101"
164,Highland,"57,159"
165,Fountain Valley,"56,495"
166,National City,"55,912"
167,Hacienda Heights,"55,386"
168,Arcadia,"55,345"
169,San Jacinto,"55,290"
170,Beaumont,"55,280"
171,Yucaipa,"54,739"
172,Colton,"54,285"
173,Diamond Bar,"53,857"
174,Huntington Park,"53,644"
175,West Sacramento,"53,637"
176,Novato,"52,708"
177,Paramount,"52,506"
178,Cathedral City,"52,220"
179,Delano,"52,173"
180,Watsonville,"52,067"
181,Aliso Viejo,"51,824"
182,Glendora,"51,569"
183,Palm Desert,"51,541"
184,Placentia,"51,274"
185,Lincoln,"50,649"
186,Covina,"50,411"
187,Rosemead,"50,245"
188,Cypress,"49,926"
189,Rowland Heights,"49,914"
190,Ceres,"49,282"
191,Florin,"48,839"
192,Azusa,"48,676"
193,North Highlands,"48,660"
194,Antelope,"48,468"
195,Poway,"48,421"
196,Cerritos,"48,394"
197,Brea,"47,589"
198,San Luis Obispo,"47,545"
199,Rancho Santa Margarita,"47,442"
200,Newark,"47,434"
201,El Dorado Hills,"47,107"
202,La Mirada,"46,658"
203,Los Banos,"46,398"
204,Morgan Hill,"45,342"
205,Palm Springs,"45,019"
206,Rohnert Park,"44,411"
207,El Centro,"44,158"
208,Lompoc,"43,834"
209,Oakley,"43,771"
210,Hollister,"43,346"
211,Danville,"43,240"
212,Altadena,"43,037"
213,Campbell,"42,754"
214,Coachella,"42,554"
215,San Bruno,"42,275"
216,Rancho Palos Verdes,"41,295"
217,Culver City,"39,970"
218,Vineyard,"39,800"
219,French Valley,"39,057"
220,San Gabriel,"38,670"
221,Bell Gardens,"38,552"
222,Calexico,"38,534"
223,La Quinta,"38,181"
224,Adelanto,"38,118"
225,Montclair,"38,061"
226,Stanton,"37,970"
227,Monrovia,"37,500"
228,La Presa,"37,410"
229,La Puente,"37,303"
230,Wildomar,"37,189"
231,Pacifica,"37,099"
232,Martinez,"36,819"
233,Moorpark,"35,975"
234,Temple City,"35,763"
235,Foothill Farms,"35,711"
236,Claremont,"35,703"
237,Oildale,"35,520"
238,Westmont,"35,188"
239,Orangevale,"35,030"
240,San Juan Capistrano,"34,955"
241,West Hollywood,"34,938"
242,Manhattan Beach,"34,668"
243,Pleasant Hill,"34,304"
244,San Dimas,"34,064"
245,Goleta,"32,855"
246,Bell,"32,831"
247,Dana Point,"32,821"
248,Desert Hot Springs,"32,716"
249,Los Gatos,"32,538"
250,Foster City,"32,517"
251,Menlo Park,"32,475"
252,Fallbrook,"32,359"
253,Seaside,"32,085"
254,Atwater,"31,978"
255,Beverly Hills,"31,896"
256,Spring Valley CDP,"31,866"
257,San Pablo,"31,773"
258,El Paso de Robles (Paso Robles),"31,759"
259,Orcutt,"31,353"
260,Lawndale,"31,121"
261,Laguna Hills,"30,965"
262,Fair Oaks,"30,882"
263,Santa Paula,"30,759"
264,Los Altos,"30,700"
265,La Verne,"30,680"
266,Lathrop,"30,659"
267,Banning,"30,273"
268,Saratoga,"30,163"
269,San Lorenzo,"30,117"
270,Burlingame,"30,106"
271,San Carlos,"30,034"
272,East Niles,"29,885"
273,Monterey,"29,874"
274,Eastern Goleta Valley,"29,823"
275,Atascadero,"29,708"
276,Suisun City,"29,165"
277,East Palo Alto,"28,847"
278,Temescal Valley,"28,420"
279,Wasco,"28,173"
280,Ridgecrest,"28,105"
281,Walnut,"27,830"
282,Twentynine Palms,"27,435"
283,Lemon Grove,"27,413"
284,Lemoore,"27,259"
285,Belmont,"27,225"
286,Benicia,"26,819"
287,Sanger,"26,716"
288,Brawley,"26,539"
289,Eureka,"26,489"
290,South Pasadena,"26,314"
291,West Whitr-Los Nietos,"26,121"
292,Hercules,"26,091"
293,Norco,"26,077"
294,Imperial Beach,"26,059"
295,Windsor,"26,039"
296,El Cerrito city,"25,845"
297,Galt,"25,495"
298,Barstow,"25,442"
299,Bay Point,"25,378"
300,Reedley,"25,232"
301,Lafayette,"25,208"
302,North Tustin,"25,147"
303,Dinuba,"25,139"
304,Loma Linda,"25,072"
305,Ladera Ranch,"24,996"
306,Seal Beach,"24,937"
307,Riverbank,"24,844"
308,Soledad,"24,778"
309,Selma,"24,625"
310,Maywood,"24,562"
311,Willowbrook,"24,401"
312,Patterson,"23,808"
313,Rosemont,"23,755"
314,San Fernando,"23,726"
315,Ashland,"23,566"
316,West Puente Valley,"23,555"
317,Oakdale,"23,235"
318,East San Gabriel,"23,076"
319,Calabasas,"22,928"
320,Granite Bay,"22,818"
321,Laguna Beach,"22,795"
322,Winter Gardens,"22,785"
323,West Carson,"22,697"
324,Valinda,"22,665"
325,Corcoran,"22,535"
326,Marina,"22,507"
327,Lennox,"22,476"
328,Cudahy,"22,294"
329,Millbrae,"22,277"
330,West Rancho Dominguez,"21,977"
331,Bloomington,"21,907"
332,Linda,"21,842"
333,Yucca Valley,"21,821"
334,Port Hueneme,"21,712"
335,American Canyon,"21,605"
336,Ramona,"21,493"
337,Rancho San Diego,"21,476"
338,South Lake Tahoe,"21,414"
339,Mountain House,"21,387"
340,Duarte,"21,245"
341,Lakeside CDP,"21,032"
342,Imperial,"21,017"
343,Mead Valley,"20,817"
344,Shafter,"20,678"
345,Prunedale,"20,560"
346,Lomita,"20,428"
347,Rosamond,"20,255"
348,La Crescenta-Montrose,"20,171"
349,East Hemet,"20,161"
350,La Cañada Flintridge,"20,114"
351,Oroville,"19,893"
352,Coronado,"19,860"
353,Agoura Hills,"19,825"
354,Arvin,"19,669"
355,South El Monte,"19,590"
356,Albany,"19,488"
357,Orinda,"19,483"
358,Casa de Oro-Mount Helix,"19,327"
359,Hermosa Beach,"19,314"
360,Arcata,"19,114"
361,South San Jose Hills,"19,104"
362,Greenfield city,"19,076"
363,Valle Vista,"19,072"
364,Phelan,"19,038"
365,Chowchilla,"19,007"
366,Rosedale,"19,003"
367,Stevenson Ranch,"18,980"
368,Dixon,"18,974"
369,Pinole,"18,821"
370,Woodcrest,"18,719"
371,Santa Fe Springs,"18,678"
372,Castaic,"18,479"
373,Arroyo Grande,"18,456"
374,Cameron Park,"18,370"
375,Nipomo,"18,182"
376,Blythe,"17,793"
377,Bostonia,"17,532"
378,Coalinga,"17,465"
379,Laguna Woods,"17,452"
380,Rancho Mirage,"17,303"
381,Truckee,"17,168"
382,El Segundo,"16,898"
383,Clearlake,"16,777"
384,Ukiah,"16,728"
385,McKinleyville,"16,645"
386,Moraga,"16,624"
387,Camp Pendleton South,"16,618"
388,Live Oak CDP,"16,508"
389,Fillmore,"16,496"
390,Ripon,"16,440"
391,Vincent,"16,405"
392,Susanville,"16,315"
393,Parkway,"16,282"
394,Stanford,"16,200"
395 ,Kerman and Los Osos,"16,174"
396,Rio Linda,"16,115"
397,Cherryland,"15,976"
398,Artesia,"15,944"
399,Walnut Park,"15,939"
400,Discovery Bay,"15,904"
401,Isla Vista,"15,733"
402,Coto de Caza,"15,509"
403,La Palma,"15,413"
404,Salida,"15,269"
405,East Rancho Dominguez,"15,252"
406,Olivehurst,"15,149"
407,Lemon Hill,"15,104"
408,California City,"15,098"
409,North Fair Oaks,"14,992"
410,Pacific Grove,"14,988"
411,Alpine,"14,958"
412,El Sobrante CDP,"14,779"
413,Lamont,"14,724"
414,Parlier,"14,691"
415,Red Bluff,"14,588"
416,Livingston,"14,528"
417,McFarland,"14,459"
418,North Auburn,"14,446"
419,Mill Valley,"14,105"
420,Sun Village,"14,080"
421,Oak Park,"13,987"
422,Alamo,"13,864"
423,Auburn,"13,845"
424,Avocado Heights,"13,836"
425,Avenal,"13,819"
426,Hawaiian Gardens,"13,806"
427,Grass Valley,"13,754"
428,King City,"13,443"
429,Grand Terrace,"13,223"
430,Tehachapi,"13,177"
431,Carpinteria,"13,122"
432,El Sobrante,"13,096"
433,Palos Verdes Estates,"13,052"
434,Larkspur,"12,928"
435,Emeryville,"12,870"
436,Solana Beach,"12,867"
437,Mendota,"12,735"
438,Grover Beach,"12,711"
439,San Anselmo,"12,693"
440,Marysville,"12,664"
441,Kingsburg,"12,662"
442,Lindsay,"12,630"
443,Big Bear City,"12,621"
444,Fortuna,"12,482"
445,Bonita,"12,470"
446,Lakeland Village,"12,362"
447,Tamalpais-Homestead Valley,"12,331"
448,Newman,"12,328"
449,San Marino,"12,254"
450,Scotts Valley,"12,232"
451,Commerce,"12,063"
452,Home Gardens,"12,027"
453,Lake Los Angeles,"11,926"
454,Rossmoor,"11,923"
455,Delhi,"11,837"
456,Hillcrest,"11,801"
457,Alum Rock,"11,798"
458,Los Alamitos,"11,695"
459,University of California-Santa Barbara,"11,671"
460,View Park-Windsor Hills,"11,621"
461,Winton,"11,619"
462,La Riviera,"11,570"
463,Signal Hill,"11,563"
464,Muscoy,"11,546"
465,Magalia,"11,444"
466,Anderson,"11,386"
467,Half Moon Bay,"11,363"
468,Diamond Springs,"11,332"
469,Valley Center,"11,320"
470,Healdsburg,"11,275"
471,Canyon Lake,"11,166"
472,Piedmont,"11,107"
473,Hillsborough,"11,016"
474,Sierra Madre,"11,013"
475,Clayton,"10,973"
476,Calimesa,"10,893"
477,Placerville,"10,869"
478,Fairview,"10,834"
479,Potomac Park,"10,833"
480,Morro Bay,"10,779"
481,Soquel,"10,721"
482,Sonoma,"10,644"
483,Blackhawk,"10,590"
484,Malibu,"10,429"
485,Del Aire,"10,424"
486,Shasta Lake,"10,423"
487,Oak Hills,"10,415"
488,Quartz Hill,"10,405"
489,Farmersville,"10,382"
490,Exeter,"10,324"
491,East Bakersfield,"10,254"
492,Golden Hills,"10,234"
493,Rio Vista,"10,217"
494,East Whitr,"10,182"
495 ,Corte Madera and Mentone,"10,141"
496,Citrus,"10,105"
497,Garden Acres,"10,096"
498,Marina del Rey,"10,065"
499,Rodeo,"10,023"
500 ,La Cresta and Madera Acres,"9,990"
501,Charter Oak,"9,963"
502,Capitola,"9,846"
503,San Diego Country Estates,"9,752"
504,Lake Arrowhead,"9,741"
505,Rio del Mar,"9,713"
506,Orange Cove,"9,619"
507,Fort Irwin,"9,573"
508,West Athens,"9,554"
509,Crestline,"9,351"
510,Live Oak,"9,285"
511,Country Club,"9,242"
512,Waterford,"9,158"
513,Tiburon,"9,052"
514,University of California-Davis,"9,031"
515,Cloverdale,"8,954"
516 ,Earlimart and Orosi,"8,908"
517,Midway City,"8,681"
518,Taft,"8,651"
519,Gonzales,"8,576"
520,Guadalupe,"8,546"
521,Good Hope,"8,431"
522,South San Gabriel,"8,420"
523,Heber,"8,413"
524,Spring Valley Lake,"8,408"
525,Orland,"8,322"
526,Los Altos Hills,"8,295"
527,Montecito,"8,210"
528,Corning,"8,209"
529,Rolling Hills Estates,"8,160"
530,Thousand Palms,"8,158"
531,Firebaugh,"8,108"
532,Topanga,"8,098"
533,Oroville East,"8,093"
534,Larkfield-Wikiup,"8,080"
535,August,"8,046"
536,Pismo Beach,"8,036"
537,Cherry Valley,"8,026"
538,Boyes Hot Springs,"8,006"
539,Alondra Park,"8,000"
540,Templeton,"7,965"
541,Vandenberg Village,"7,945"
542,Gold River,"7,930"
543,Westlake Village,"7,845"
544,Yreka,"7,826"
545,Rancho Mission Viejo,"7,816"
546,Joshua Tree,"7,786"
547,California Polytechnic State University,"7,713"
548,Franklin CDP,"7,709"
549,Plumas Lake,"7,687"
550,Alta Sierra CDP,"7,620"
551,Homeland,"7,613"
552,Oceano,"7,601"
553,Interlaken,"7,596"
554,Ojai,"7,590"
555,Woodlake,"7,577"
556,Escalon,"7,523"
557,Fairfax town,"7,521"
558,Hughson,"7,518"
559,Cotati,"7,498"
560,Sebastopol,"7,448"
561,Camp Pendleton Mainside,"7,424"
562,Kentfield,"7,423"
563,Lake Mathews,"7,389"
564,Ben Lomond,"7,378"
565,Gridley,"7,356"
566,Winters,"7,305"
567,Mammoth Lakes,"7,271"
568,Sausalito,"7,199"
569,Acton,"7,054"
570,Nuevo,"6,999"
571,Fort Bragg,"6,970"
572,Piñon Hills,"6,937"
573,Fowler,"6,934"
574,Atherton,"6,915"
575,Loomis,"6,868"
576,Mira Monte,"6,833"
577,East Foothills,"6,815"
578,Lemoore Station,"6,756"
579,Lucas Valley-Marinwood,"6,738"
580,Crescent City,"6,676"
581,Contra Costa Centre,"6,667"
582,Bermuda Dunes,"6,626"
583,Desert Palms,"6,599"
584,South Monrovia Island,"6,565"
585,Oak View,"6,557"
586,El Rio,"6,506"
587,San Martin,"6,498"
588,Thermalito,"6,495"
589,Pollock Pines,"6,480"
590,Eucalyptus Hills,"6,448"
591,Calipatria,"6,434"
592,Colusa,"6,428"
593,Ladera Heights,"6,419"
594,Castroville,"6,332"
595,Rancho Calaveras,"6,310"
596,Durham,"6,255"
597,Aptos,"6,245"
598,Willows,"6,244"
599,Huron,"6,222"
600,Highgrove,"6,201"
601,Pleasure Point,"6,173"
602,Gustine,"6,091"
603,El Granada,"6,069"
604,Silver Lakes,"6,050"
605,Solvang,"6,048"
606,Saranap,"6,027"
607,East Pasadena,"6,025"
608,Salton City,"5,975"
609,Hidden Valley Lake,"5,948"
610,Hilmar-Irwin,"5,937"
611,Camino Tassajara,"5,870"
612,Jamul,"5,776"
613,Dos Palos,"5,775"
614,Villa Park,"5,773"
615,Fruitridge Pocket,"5,771"
616,Denair,"5,702"
617,Lucerne Valley,"5,694"
618,Keyes,"5,691"
619,Mayflower Village,"5,687"
620,Rancho Murieta,"5,682"
621,Happy Valley,"5,652"
622,Williams,"5,615"
623,Old Fig Garden,"5,613"
624,Holtville,"5,582"
625,Garnet,"5,567"
626,West Modesto,"5,557"
627,Cambria,"5,555"
628,La Habra Heights,"5,551"
629,Twin Lakes CDP,"5,546"
630,Mecca,"5,541"
631,Cottonwood CDP,"5,435"
632,Oakhurst,"5,405"
633,East Porterville,"5,399"
634,Goshen,"5,387"
635,St. Helena,"5,386"
636,Burbank,"5,377"
637,Strawberry CDP,"5,325"
638,Ione,"5,323"
639,Boulder Creek,"5,305"
640,Yosemite Lakes,"5,303"
641,Cutler,"5,296"
642,Bear Valley Springs,"5,291"
643,El Cerrito,"5,269"
644,Paradise town,"5,268"
645,Greenacres,"5,255"
646,Elverta,"5,235"
647,Wilton,"5,224"
648,Benton Park,"5,212"
649,Palermo,"5,204"
650,Bonadelle Ranchos,"5,191"
651,Calistoga,"5,187"
652,Kensington,"5,171"
653,Buellton,"5,164"
654,Myrtletown,"5,143"
655,Lakeport,"5,135"
656,Woodside,"5,131"
657,Jackson,"5,101"
658,Las Flores CDP,"5,089"
659,Big Bear Lake,"5,068"
660,Bret Harte,"5,020"
661,Sonora,"5,004"
662,Willits,"4,969"
663,Tara Hills,"4,915"
664,Ford City,"4,909"
665,Needles,"4,903"
666 ,Coarsegold and Emerald Lake Hills,"4,893"
667,Mayfair,"4,878"
668,Indian Wells,"4,846"
669,Phoenix Lake,"4,820"
670,Pacheco,"4,775"
671,Guerneville,"4,747"
672,Santa Ynez,"4,728"
673,Lake Wildwood,"4,709"
674,Brisbane,"4,668"
675,Ivanhoe,"4,584"
676,Brooktrails,"4,559"
677,Sunnyside,"4,557"
678,Armona,"4,437"
679,Lenwood,"4,431"
680,McSwain,"4,429"
681,Running Springs,"4,410"
682,Clearlake Riviera,"4,408"
683,Wrightwood,"4,362"
684,Harbison Canyon,"4,355"
685,Lake of the Pines,"4,350"
686,Pixley,"4,322"
687,Mather,"4,304"
688,Portola Valley,"4,289"
689,North Richmond,"4,258"
690,Tarpey Village,"4,222"
691,Meadowbrook,"4,208"
692,Bonsall,"4,194"
693,Carmel Valley Village,"4,175"
694,Broadmoor,"4,140"
695,Granite Hills,"4,020"
696,Esparto,"4,009"
697,Lincoln Village,"3,991"
698,Planada,"3,984"
699,Coronita,"3,968"
700,Freedom,"3,959"
701,Lake San Marcos,"3,957"
702,Del Mar,"3,922"
703,Santa Venetia,"3,891"
704,Valley Springs,"3,890"
705,Green Acres,"3,855"
706,Bishop,"3,820"
707,Las Lomas,"3,818"
708,Woodbridge,"3,806"
709,Forestville,"3,788"
710,Wheatland,"3,787"
711,Del Monte Forest,"3,783"
712,Mojave,"3,780"
713,Greenfield,"3,777"
714 ,Bystrom and Burney,"3,763"
715,Angels,"3,758"
716,San Andreas,"3,729"
717,West Menlo Park,"3,720"
718,Shingle Springs,"3,710"
719,North El Monte,"3,709"
720,Mountain View Acres,"3,698"
721,Meiners Oaks,"3,697"
722,San Joaquin,"3,689"
723,Hidden Meadows,"3,675"
724,Kelseyville,"3,657"
725 ,Mono Vista and Vandenberg AFB,"3,646"
726 ,French Camp and Strathmore,"3,641"
727,Lake Isabella,"3,621"
728,Rollingwood,"3,612"
729,Madera Ranchos,"3,591"
730,Seacliff,"3,580"
731,Lockeford,"3,572"
732,Copperopolis,"3,566"
733,Fetters Hot Springs-Agua Caliente,"3,554"
734,Pine Hills,"3,547"
735,Campo,"3,536"
736,Squaw Valley,"3,511"
737 ,Pajaro and Mission Hills,"3,509"
738,Meadow Vista,"3,508"
739,Auburn Lake Trails,"3,495"
740,Agua Dulce,"3,494"
741,Rexland Acres,"3,487"
742,Desert Edge,"3,480"
743,Old Stine,"3,477"
744,East Richmond Heights,"3,473"
745,Moss Beach,"3,436"
746,Humboldt Hill,"3,435"
747,Morada,"3,419"
748,Angwin,"3,415"
749,Day Valley,"3,414"
750,Loyola,"3,404"
751,Monte Sereno,"3,396"
752,Tipton,"3,391"
753,Jamestown,"3,379"
754,Avalon,"3,377"
755,Arbuckle,"3,368"
756,Rio Dell,"3,367"
757,Yountville,"3,360"
758,Hoopa,"3,348"
759 ,Reliez Valley and Auberry,"3,321"
760,Bella Vista,"3,320"
761,Cutten,"3,315"
762,Weaverville,"3,308"
763,North Fork,"3,306"
764,Empire,"3,285"
765,Lake California,"3,276"
766,Val Verde,"3,261"
767,Desert View Highlands,"3,259"
768,El Verano,"3,256"
769,San Miguel CDP,"3,253"
770,Amesti,"3,240"
771,Mount Shasta,"3,236"
772,Vine Hill,"3,228"
773,Crockett,"3,205"
774,Felton,"3,197"
775,Carmel-by-the-Sea,"3,196"
776,Casa Conejo,"3,184"
777,Morongo Valley,"3,166"
778 ,Cottonwood and Frazier Park,"3,121"
779,Nevada City,"3,114"
780,San Antonio Heights,"3,113"
781,North Lakeport,"3,067"
782,Marin City,"3,040"
783,Lake Nacimiento,"3,021"
784,Cambrian Park,"3,015"
785,Dogtown,"3,006"
786,Stallion Springs,"2,996"
787,Highlands,"2,985"
788,Georgetown,"2,969"
789,Idyllwild-Pine Cove,"2,963"
790,Bonny Doon,"2,962"
791,Winchester,"2,957"
792,Pine Canyon,"2,939"
793,Kelly Ridge,"2,932"
794,Fairbanks Ranch,"2,929"
795,Loma Rica,"2,909"
796,Palo Cedro,"2,893"
797,Weedpatch,"2,879"
798,Kennedy,"2,877"
799,Weed,"2,873"
800,Montara,"2,833"
801,Kings Beach,"2,826"
802,Sage,"2,814"
803,Janesville,"2,803"
804,Pine Mountain Lake,"2,801"
805,Lake Shastina,"2,790"
806,Sutter,"2,789"
807,Bayview CDP,"2,787"
808,Pepperdine University,"2,764"
809 ,Dixon Lane-MeadowCreek and Romoland,"2,755"
810,Bayview,"2,754"
811,Riverdale,"2,727"
812,Parksdale,"2,725"
813 ,Crest and Santa Rosa Valley,"2,721"
814 ,Channel Islands Beach and Three Rivers,"2,699"
815,Alturas,"2,692"
816,Sutter Creek,"2,691"
817,Edwards AFB,"2,676"
818,Lucerne,"2,674"
819,East Sonora,"2,672"
820,Rancho Santa Fe,"2,657"
821,Lexington Hills,"2,656"
822,Hartley,"2,655"
823,Mission Canyon,"2,649"
824 ,Homestead Valley and Rose Hills,"2,619"
825,Aromas,"2,609"
826,South Oroville,"2,606"
827,Hayfork,"2,586"
828,North Shore,"2,580"
829,Ridgemark,"2,572"
830,Oasis,"2,554"
831,West Bishop,"2,553"
832,La Selva Beach,"2,544"
833,San Miguel,"2,536"
834,Twain Harte,"2,502"
835,Montalvin Manor,"2,490"
836,Lakeview,"2,452"
837,China Lake Acres,"2,450"
838,Hamilton City,"2,446"
839,Nice,"2,407"
840,Meyers,"2,396"
841,Parkwood,"2,394"
842,Terra Bella,"2,389"
843,East Oakdale,"2,370"
844,Penngrove,"2,368"
845,Sleepy Hollow,"2,366"
846,Calwa,"2,363"
847,Collierville,"2,354"
848,Woodlands,"2,331"
849,Ross,"2,327"
850,Shingletown,"2,291"
851,Boron,"2,280"
852,East Quincy,"2,279"
853,Sky Valley,"2,274"
854,Cabazon,"2,271"
855,Ahwahnee,"2,270"
856,Corralitos,"2,260"
857,Caruthers,"2,245"
858,Cayucos,"2,228"
859,Easton,"2,224"
860,Rainbow,"2,211"
861,Clearlake Oaks,"2,194"
862,Buckhorn,"2,175"
863,Centerville CDP,"2,170"
864,Bodfish,"2,164"
865,Weldon,"2,160"
866,San Juan Bautista,"2,143"
867,Piru,"2,126"
868,South Taft,"2,120"
869,Belvedere,"2,104"
870,Anza,"2,101"
871,Arnold,"2,099"
872,Richgrove,"2,098"
873,Chester,"2,088"
874,Columbia,"2,086"
875,Portola,"2,083"
876,Vista Santa Rosa,"2,072"
877,Pine Grove,"2,070"
878,Camino,"2,065"
879,Soulsbyville,"2,063"
880,Byron,"2,057"
881,Linden,"2,043"
882,San Pasqual,"2,038"
883,Bertsch-Oceanview,"2,037"
884,Colfax,"2,018"
885,Bethel Island,"2,015"
886,Pine Mountain Club,"2,011"
887,Westmorland,"2,004"
888,Patterson Tract,"2,003"
889,Bell Canyon,"1,991"
890,Santa Nella,"1,981"
891,Laton,"1,967"
892,Murphys,"1,944"
893,Biggs,"1,934"
894,Los Molinos,"1,924"
895,Toro Canyon,"1,918"
896,Temelec,"1,915"
897,Lagunitas-Forest Knolls,"1,874"
898,Mountain View,"1,872"
899,Wofford Heights,"1,870"
900,Borrego Springs,"1,864"
901,Seeley,"1,847"
902,Parklawn,"1,844"
903,Poplar-Cotton Center,"1,840"
904,Woodville,"1,836"
905,Redwood Valley,"1,812"
906,Baywood Park,"1,786"
907,Fairfax,"1,778"
908,Rancho Tehama Reserve,"1,750"
909,Graton,"1,743"
910,Lost Hills,"1,742"
911,Boronda,"1,740"
912,Saticoy,"1,739"
913,Black Point-Green Point,"1,738"
914,Dunsmuir,"1,710"
915,Quincy,"1,706"
916 ,Rolling Hills city and Hidden Hills,"1,702"
917,Lake Sherwood,"1,697"
918,Rouse,"1,684"
919,Los Ranchos,"1,675"
920,Leona Valley,"1,672"
921,Searles Valley,"1,647"
922,Shasta,"1,639"
923,Callender,"1,638"
924,Elizabeth Lake,"1,632"
925,Pine Valley,"1,611"
926,Le Grand,"1,597"
927,Home Garden,"1,590"
928,Green Valley CDP,"1,583"
929,Grayson,"1,582"
930,Del Rey Oaks,"1,579"
931,Colma,"1,577"
932,Sunnyside-Tahoe City,"1,576"
933,Red Corral,"1,557"
934,Forest Ranch,"1,551"
935,Foresthill,"1,545"
936,London,"1,534"
937,Delft Colony,"1,512"
938,Taft Heights,"1,509"
939,Inverness,"1,497"
940,Harmony Grove,"1,494"
941,Bakersfield Country Club,"1,486"
942,Lone Pine,"1,484"
943,Lewiston,"1,481"
944,Lebec,"1,474"
945,Lake Don Pedro,"1,465"
946,Woodacre,"1,464"
947,Avila Beach,"1,455"
948,Warm Springs,"1,445"
949,Biola,"1,440"
950,Irwindale,"1,435"
951,Hasley Canyon,"1,433"
952,Allendale,"1,429"
953,Tuolumne City,"1,414"
954,Chualar,"1,413"
955,Sonoma State University,"1,407"
956,Fort Dick,"1,405"
957,Casa Loma,"1,404"
958,Descanso,"1,398"
959,Aptos Hills-Larkin Valley,"1,397"
960,Ferndale,"1,396"
961,Mount Hermon,"1,394"
962,Riverdale Park,"1,393"
963,Dunnigan,"1,391"
964,Westwood,"1,387"
965,Ladera,"1,385"
966,Grizzly Flats,"1,382"
967,Big Pine,"1,373"
968,Thermal,"1,371"
969,Garberville,"1,361"
970,Newcastle,"1,360"
971,Monument Hills,"1,354"
972,Covelo,"1,352"
973,Camanche Village,"1,344"
974,Buttonwillow,"1,339"
975,Sultana,"1,336"
976,Forest Meadows,"1,324"
977,Julian,"1,318"
978,Redway,"1,315"
979,Westhaven-Moonstone,"1,302"
980,Brookdale,"1,293"
981,Walnut Grove,"1,288"
982,Trabuco Canyon,"1,281"
983,Berry Creek,"1,278"
984,Airport,"1,276"
985,Los Alamos,"1,275"
986,Herlong,"1,272"
987,Jones Valley,"1,269"
988,Cedar Ridge,"1,267"
989,Maxwell,"1,256"
990,Upper Lake,"1,250"
991,Del Rey,"1,246"
992,Kettleman City,"1,245"
993 ,Willow Creek and Del Rio,"1,241"
994,March ARB,"1,236"
995,Tahoe Vista,"1,233"
996,La Honda,"1,229"
997,Pasampo,"1,226"
998 ,Montague and Pioneer,"1,224"
999,Bolinas,"1,223"
"1,000",Glen Ellen,"1,214"
"1,001",Yosemite Valley,"1,213"
"1,002",Blue Lake,"1,195"
"1,003",Somis,"1,189"
"1,004",Camanche North Shore,"1,188"
"1,005",Fruitdale,"1,184"
"1,006 ",Challenge-Brownsville and Silverado Resort,"1,171"
"1,007",Malaga,"1,168"
"1,008",South Dos Palos,"1,167"
"1,009",Whitewater,"1,166"
"1,010",Castle Hill,"1,164"
"1,011",Mariposa,"1,159"
"1,012",Big River,"1,158"
"1,013",Sea Ranch,"1,156"
"1,014",Orange Blossom,"1,155"
"1,015",Johnstonville,"1,151"
"1,016",Squirrel Mountain Valley,"1,146"
"1,017",Crowley Lake,"1,145"
"1,018",Lake Riverside,"1,139"
"1,019",Talmage,"1,136"
"1,020",Fairmead,"1,133"
"1,021",Clay,"1,130"
"1,022",Sheridan,"1,120"
"1,023",Knightsen,"1,100"
"1,024",Green Valley,"1,096"
"1,025 ",Plymouth and Pala,"1,094"
"1,026",El Macero,"1,086"
"1,027",Gerber,"1,084"
"1,028",Yermo,"1,082"
"1,029",Shell Ridge,"1,081"
"1,030",Penn Valley,"1,073"
"1,031",Bodega Bay,"1,069"
"1,032",Lower Lake,"1,065"
"1,033",Taft Mosswood,"1,060"
"1,034",Spring Valley,"1,056"
"1,035",Shandon,"1,054"
"1,036 ",Hydesville and Alhambra Valley,"1,051"
"1,037",Herald,"1,049"
"1,038",Tahoma,"1,039"
"1,039",Matheny,"1,036"
"1,040 ",Santa Margarita and West Park,"1,025"
"1,041",Monte Rio,"1,023"
"1,042",Maricopa,"1,021"
"1,043",Petaluma Center,"1,020"
"1,044",Mountain Mesa,"1,011"
"1,045",Chalfant,"1,010"
"1,046",Elkhorn,998
"1,047",Boonville,997
"1,048",Amador Pines,992
"1,049",Knights Landing,981
"1,050",Klamath,970
"1,051",Lakeside,969
"1,052",Minkler,968
"1,053",Stebbins,963
"1,054",Eldridge,960
"1,055",Beale AFB,955
"1,056",Littlerock,948
"1,057",Mi-Wuk Village,933
"1,058",Santa Susana,924
"1,059",Tres Pinos,921
"1,060",Greeley Hill,919
"1,061",Dollar Point,909
"1,062",Butte Valley,907
"1,063",North Edwards,906
"1,064 ",Thornton and Teviston,903
"1,065",Waterloo,902
"1,066",Tulelake,901
"1,067",Bradbury,900
"1,068 ",Hopland and McCloud,899
"1,069",Diablo Grande,892
"1,070",Cedar Flat,886
"1,071",Lompico,881
"1,072",Millville,879
"1,073",Penryn,878
"1,074",Occidental,876
"1,075",Acalanes Ridge,875
"1,076",Alpaugh,869
"1,077",Dorris,864
"1,078",Shelter Cove,863
"1,079",Happy Camp,861
"1,080",East Tulare Villa,849
"1,081",McClellan Park,843
"1,082",Cleone,841
"1,083",Olde Stockdale,839
"1,084",Los Olivos,838
"1,085",Linnell Camp,837
"1,086",Sunol,835
"1,087 ",Modjeska and Diablo,834
"1,088",Alto,818
"1,089",Johnson Park,815
"1,090",Indio Hills,811
"1,091",Tranquillity,807
"1,092",Cobb,805
"1,093 ",Isleton and Blacklake,797
"1,094",Fieldbrook,793
"1,095",Kernville,791
"1,096",Norris Canyon,790
"1,097",Greenville,785
"1,098",Laytonville,777
"1,099",Deer Park,772
"1,100",Stratford,771
"1,101",Tuttletown,770
"1,102",Zayante,765
"1,103",Ballard,764
"1,104",Manila,762
"1,105",Independence,761
"1,106",Lake of the Woods,757
"1,107",Junction City,754
"1,108 ",Mesa Verde and Loyalton,753
"1,109",Hickman,751
"1,110 ",Doyle and Summerland,745
"1,111",Niland,743
"1,112",Catheys Valley,741
"1,113 ",North Gate and Silverado,740
"1,114",Clyde,737
"1,115",Middletown,725
"1,116",Wallace,721
"1,117",Soda Bay,714
"1,118",Cedarville,711
"1,119",Ducor,708
"1,120",Mendocino,707
"1,121",Rolling Hills,706
"1,122 ",Alta and Mountain Gate,703
"1,123",Traver,702
"1,124",Woodville Farm Labor Camp,701
"1,125",Fort Jones,697
"1,126",Aguanga,696
"1,127",Westley,689
"1,128",Etna,680
"1,129",Millerton,679
"1,130",Douglas City,678
"1,131",Butte Creek Canyon,677
"1,132",Cold Springs CDP,675
"1,133",West Goshen,674
"1,134",Geyserville,671
"1,135",Smith River,670
"1,136 ",Lake Hughes and Indianola,660
"1,137",Lytle Creek,656
"1,138",Inyokern,645
"1,139",Valley Acres,641
"1,140",West Point,640
"1,141",Patton Village,635
"1,142",Fuller Acres,634
"1,143",San Ardo,628
"1,144",East Orosi,624
"1,145",Calpella,620
"1,146",Lakehead,615
"1,147",Plainview,610
"1,148",El Centro Naval Air Facility,609
"1,149",Gasquet,608
"1,150",Baker,602
"1,151",Delleker,601
"1,152",Loleta,599
"1,153",Allensworth,596
"1,154",Bodega,590
"1,155",Stinson Beach,583
"1,156",Jacumba,579
"1,157",Fields Landing,577
"1,158",Onyx,576
"1,159",Buena Vista,573
"1,160",Dustin Acres,568
"1,161",Springville,567
"1,162",Carnelian Bay,565
"1,163",Graeagle,552
"1,164 ",San Simeon and New Cuyama,550
"1,165",Friant,541
"1,166",Kenwood,540
"1,167",McArthur,521
"1,168",Rough and Ready,511
"1,169 ",Davenport and Bridgeport,509
"1,170",Ballico,508
"1,171",Madison,502
"1,172",Miranda,498
"1,173",Cohasset,497
"1,174",Wilkerson,495
"1,175",Round Valley,493
"1,176",Scotia,490
"1,177 ",Yettem and Smartsville,487
"1,178",Mokelumne Hill,484
"1,179",Newell,481
"1,180",Meadow Valley,478
"1,181",Courtland,473
"1,182 ","Concow, Peters, and Cowan",472
"1,183",Point Arena,470
"1,184",Paradise Park,468
"1,185 ",Elfin Forest and Grimes,462
"1,186",Ripley,460
"1,187",Boulevard,453
"1,188 ",Clipper Mills and Lockwood CDP,451
"1,189",Seville,449
"1,190",Hamilton Branch,446
"1,191",Avery,444
"1,192 ",Sierra Brooks and French Gulch,441
"1,193",Shaver Lake,438
"1,194",Mesa,434
"1,195",Salyer,433
"1,196",Bootjack,431
"1,197",Lake Almanor Country Club,429
"1,198",Robbins,428
"1,199",Bend,425
"1,200",Tehama,424
"1,201 ",River Pines and Victor,420
"1,202 ",Pescadero and Garden Farms,418
"1,203",Whitmore,416
"1,204",San Lucas,415
"1,205",Rio Oso,414
"1,206 ","June Lake, Smith Corner, and Fulton",413
"1,207",Desert Shores,411
"1,208",Edna,408
"1,209 ",Dorrington and Bangor,407
"1,210",Walker,401
"1,211",Terminous,400
"1,212",Di Giorgio,398
"1,213 ",Coloma and Swall Meadows,390
"1,214 ",Nipinnawasee and Beckwourth,388
"1,215",Fall River Mills,387
"1,216",Lake Almanor Peninsula,382
"1,217",Oak Run,379
"1,218",Raisin City,377
"1,219",Cantua Creek,376
"1,220",Potter Valley,374
"1,221",Spreckels,373
"1,222 ",Topaz and Forbestown,369
"1,223",Nord,368
"1,224",California Pines,367
"1,225",Clarksburg,366
"1,226",Muir Beach,360
"1,227",Plumas Eureka,358
"1,228",Coleville,353
"1,229",Lockwood,351
"1,230 ",Crows Landing and Orick,346
"1,231 ","Richfield, Edmundson Acres, and Mad River",341
"1,232 ",Cazadero and Chilcoot-Vinton,340
"1,233 ",Mexican Colony and Princeton,337
"1,234",Manton,331
"1,235",Lake Almanor West,329
"1,236",Sand City,328
"1,237",Fort Hunter Liggett,327
"1,238",Anchor Bay,326
"1,239",Oak Shores,325
"1,240",Grangeville,324
"1,241",Mountain Ranch,318
"1,242 ",Midpines and Centerville,314
"1,243",Cromberg,312
"1,244 ",Dillon Beach and Trinidad,309
"1,245 ",Caspar and Oak Glen,307
"1,246",Twain,303
"1,247",Del Dios,302
"1,248",Los Berros,301
"1,249",Stirling City,300
"1,250",Salton Sea Beach,299
"1,251 ",Canby and Grenada,295
"1,252 ",Monterey Park Tract and Clear Creek,293
"1,253",Bass Lake,291
"1,254",Iron Horse,290
"1,255 ","Cherokee Strip, Albion, and Hood",289
"1,256",Derby Acres,288
"1,257",Bowles,287
"1,258",Desert Center,285
"1,259",El Nido,283
"1,260",Loma Mar,282
"1,261",Meridian,278
"1,262",El Portal,271
"1,263",Manchester,267
"1,264 ",Hiouchi and Cassel,266
"1,265",Trinity Center,265
"1,266",Lemon Cove,263
"1,267",Acampo,261
"1,268",Keene,257
"1,269",Yankee Hill,256
"1,270",Fairhaven,254
"1,271",Choctaw Valley,252
"1,272",Mountain Meadows,251
"1,273 ",Potrero and Mineral,250
"1,274",Groveland,249
"1,275",Trinity Village,248
"1,276",Industry,245
"1,277",Benton,244
"1,278 ","Hornbrook, Cressey, and Bloomfield",243
"1,279",Port Costa,242
"1,280 ",Homewood Canyon and Lanare,241
"1,281 ",Tonyville and Artois,236
"1,282",Pajaro Dunes,235
"1,283",Elmira,234
"1,284",Castella,230
"1,285",Sierra Village,226
"1,286 ",Vernon and Las Flores,217
"1,287 ",Bombay Beach and Fort Washington,215
"1,288 ",Westside and Ruth,213
"1,289 ",Vina and Tecopa,212
"1,290 ","Fiddletown, Samoa, and Mesa Vista",211
"1,291 ",Monson and Point Reyes Station,210
"1,292 ",Adin and Valley Home,209
"1,293",Dos Palos Y,206
"1,294",College City,205
"1,295",La Vina,203
"1,296",Greenhorn,202
"1,297",Amador City,201
"1,298 ","Stevinson, Trowbridge, and Yolo",196
"1,299",Big Bend,195
"1,300 ",Rackerby and Ridgecrest Heights,193
"1,301",Keswick,192
"1,302 ",Coffee Creek and Markleeville,187
"1,303",Burnt Ranch,185
"1,304 ","Clio, Tooleville, and Lodoga",184
"1,305",Litchfield,183
"1,306",Olancha,181
"1,307",Camptonville,179
"1,308 ",Little River and San Geronimo,176
"1,309",Elk Creek,175
"1,310",Fort Bidwell,174
"1,311 ",East Nicolaus and Honcut,172
"1,312 ","Farmington, Pumpkin Center, and Sisquoc",169
"1,313",Paradise,168
"1,314 ",Wawona and Sierraville,166
"1,315",Calpine,164
"1,316",Flournoy,161
"1,317 ",Tomales and Hypericum,160
"1,318",Big Creek,159
"1,319",Richvale,157
"1,320 ",Kirkwood and Philo,156
"1,321",Hardwick,155
"1,322",Verdi,154
"1,323",Pine Flat,153
"1,324 ",Benbow and Dobbins,152
"1,325 ",North San Juan and Winterhaven,151
"1,326",Igo,148
"1,327",Chinese Camp,146
"1,328 ",Bieber and Daphnedale Park,145
"1,329 ",Kennedy Meadows and La Grange,143
"1,330 ","Bluewater, Alpine Village, and Comptche",142
"1,331 ",Greenview and East Shore,139
"1,332",Washington,137
"1,333 ",Bear Valley CDP and Mono City,135
"1,334",Tupman,134
"1,335 ",Dutch Flat and Volta,133
"1,336",Vallecito,132
"1,337",McKittrick,130
"1,338",Spaulding,129
"1,339",Myers Flat,126
"1,340 ","Hyampom, Nicolaus, and Weott",124
"1,341",Nicasio,123
"1,342",Pike,120
"1,343 ",Montgomery Creek and El Adobe,118
"1,344 ",Twin Lakes and Milford,117
"1,345 ",Snelling and Mettler,115
"1,346 ","Guinda, Monmouth, and Martell",113
"1,347 ",Alta Sierra and Gazelle,111
"1,348",Edison,109
"1,349",Williams Canyon,108
"1,350 ",Timber Cove and Rumsey,107
"1,351",Mt. Bullion,105
"1,352 ","Phillipsville, Mount Laguna, Stones Landing, and Kingvale",102
"1,353 ","Round Mountain, Rutherford, and Cherokee",100
"1,354 ","Downieville, Alleghany, Bradley, and Randsburg",99
"1,355 ","Rail Road Flat, Three Rocks, and Tuttle",97
"1,356",Bear Creek,95
"1,357",Jovista,93
"1,358",Big Lagoon,92
"1,359 ","Bear Valley, Lake Davis, and Hat Creek",91
"1,360 ",Darwin and C-Road,90
"1,361 ","Casmalia, Long Barn, and Furnace Creek",88
"1,362",Lake City,86
"1,363 ",Goodmanville and Sierra City,84
"1,364",Post Mountain,82
"1,365",Goodyears Bar,80
"1,366",Palo Verde,78
"1,367 ",Old River and Stonyford,76
"1,368",Gold Mountain,75
"1,369 ",Hornitos and Oakville,74
"1,370 ",Sattley and Lindcove,73
"1,371",Mabie,72
"1,372 ",Crescent Mills and Freeport,70
"1,373 ",Trona and Moskowite Corner,69
"1,374 ",Keddie and Sunny Slopes,68
"1,375",Woody,67
"1,376",Knights Ferry,62
"1,377 ",Mount Hebron and Rodriguez Camp,61
"1,378 ",Lee Vining and Paskenta,59
"1,379 ",Weitchpec and Carrick,58
"1,380 ",Sereno del Mar and Ono,57
"1,381 ",Aspen Springs and Leggett,56
"1,382 ",Fellows and Glennville,54
"1,383",Mohawk Vista,53
"1,384 ",Ponderosa and Crane Creek,52
"1,385 ","Panorama Heights, Rivergrove, and Waukena",51
"1,386 ",Lookout and Fish Camp,50
"1,387",Cartago,49
"1,388 ",Johannesburg and Robinson Mill,48
"1,389 ","Garey, New Pine Creek, and Paynes Creek",47
"1,390",Soda Springs,46
"1,391",Volcano,45
"1,392 ",Whitley Gardens and Ocotillo,44
"1,393",Pierpoint,42
"1,394",Brooks,41
"1,395",California Hot Springs,40
"1,396 ",Sequoia Crest and Edgewood,39
"1,397 ",Valley Ranch and McClenney Tract,38
"1,398",Whitehawk,37
"1,399",Proberta,36
"1,400",Taylorsville,35
"1,401",Yosemite West,33
"1,402 ","Jenner, Moss Landing, Nubieber, and Creston",31
"1,403",Floriston,28
"1,404",Prattville,27
"1,405 ","Macdoel, Alderpoint, Franklin, and Kep'el",26
"1,406",Butte Meadows,25
"1,407 ",Coulterville and Platina,23
"1,408 ","Bucks Lake, Tennant, and Old Station",21
"1,409",Salmon Creek,20
"1,410 ","Little Valley, Redcrest, Tancred, and Spring Garden",19
"1,411",Shoshone,18
"1,412",Mountain Center,17
"1,413 ",Wautec and Eagleville,15
"1,414",Graniteville,14
"1,415",Drytown,13
"1,416 ",Cuyama and Madeline,11
"1,417",Indian Falls,10
"1,418",Sugarloaf Village,8
"1,419 ",Charleston View and Keeler,6
"1,420",Strawberry,5
"1,421",Poso Park,3